{"cameraMode":{"drawMode":0,"name":"Shaded","section":"Shading Mode"},"sceneLighting":true,"audioPlay":false,"sceneViewState":{"showFog":true,"showMaterialUpdate":true,"showSkybox":true,"showFlares":true,"showImageEffects":true,"showParticleSystems":true},"in2DMode":false,"pivot":{"x":-0.8620975613594055,"y":-3.721233367919922,"z":-6.27830171585083},"rotation":{"x":0.013901999220252037,"y":-0.9291751980781555,"z":0.3677043318748474,"w":0.03512448072433472},"size":10.89696216583252,"orthographic":false}