{"cameraMode":{"drawMode":0,"name":"Shaded","section":"Shading Mode"},"sceneLighting":true,"audioPlay":false,"sceneViewState":{"showFog":true,"showMaterialUpdate":true,"showSkybox":true,"showFlares":true,"showImageEffects":true,"showParticleSystems":true},"in2DMode":false,"pivot":{"x":-23.491975784301759,"y":-35.02275848388672,"z":36.2636604309082},"rotation":{"x":0.3412454128265381,"y":-0.2836575210094452,"z":0.10881826281547547,"w":0.889521598815918},"size":55.655914306640628,"orthographic":false}