{"cameraMode":{"drawMode":0,"name":"Shaded","section":"Shading Mode"},"sceneLighting":true,"audioPlay":false,"sceneViewState":{"showFog":true,"showMaterialUpdate":true,"showSkybox":true,"showFlares":true,"showImageEffects":true,"showParticleSystems":true},"in2DMode":false,"pivot":{"x":441.777587890625,"y":321.6311950683594,"z":6.8369140625},"rotation":{"x":-0.1020531877875328,"y":-0.04234636574983597,"z":0.00435006944462657,"w":-0.9938676953315735},"size":661.940185546875,"orthographic":false}