{"cameraMode":{"drawMode":0,"name":"Shaded","section":"Shading Mode"},"sceneLighting":true,"audioPlay":false,"sceneViewState":{"showFog":true,"showMaterialUpdate":true,"showSkybox":true,"showFlares":true,"showImageEffects":true,"showParticleSystems":true},"in2DMode":false,"pivot":{"x":4.83279275894165,"y":-1.3595967292785645,"z":-3.311910390853882},"rotation":{"x":0.09181421250104904,"y":0.8674271702766419,"z":-0.17431019246578217,"w":0.45689857006073},"size":13.959376335144043,"orthographic":false}