{"cameraMode":{"drawMode":0,"name":"Shaded","section":"Shading Mode"},"sceneLighting":true,"audioPlay":false,"sceneViewState":{"showFog":true,"showMaterialUpdate":true,"showSkybox":true,"showFlares":true,"showImageEffects":true,"showParticleSystems":true},"in2DMode":false,"pivot":{"x":498.71124267578127,"y":280.9488830566406,"z":103.5706787109375},"rotation":{"x":-0.04466349631547928,"y":0.0089808264747262,"z":0.00040014469414018095,"w":0.9989616870880127},"size":976.572509765625,"orthographic":false}