{"cameraMode":{"drawMode":0,"name":"Shaded","section":"Shading Mode"},"sceneLighting":true,"audioPlay":false,"sceneViewState":{"showFog":true,"showMaterialUpdate":true,"showSkybox":true,"showFlares":true,"showImageEffects":true,"showParticleSystems":true},"in2DMode":false,"pivot":{"x":9.058818817138672,"y":-81.99578857421875,"z":-63.08354568481445},"rotation":{"x":-0.031957726925611499,"y":-0.8927168846130371,"z":0.4448847472667694,"w":-0.06413144618272782},"size":114.51215362548828,"orthographic":false}