{"cameraMode":{"drawMode":0,"name":"Shaded","section":"Shading Mode"},"sceneLighting":true,"audioPlay":false,"sceneViewState":{"showFog":true,"showMaterialUpdate":true,"showSkybox":true,"showFlares":true,"showImageEffects":true,"showParticleSystems":true},"in2DMode":false,"pivot":{"x":-3.882279396057129,"y":-6.407971382141113,"z":5.384328842163086},"rotation":{"x":0.409172385931015,"y":-0.2846866250038147,"z":0.13605329394340516,"w":0.8561664819717407},"size":13.926541328430176,"orthographic":false}