{"cameraMode":{"drawMode":0,"name":"Shaded","section":"Shading Mode"},"sceneLighting":true,"audioPlay":false,"sceneViewState":{"showFog":true,"showMaterialUpdate":true,"showSkybox":true,"showFlares":true,"showImageEffects":true,"showParticleSystems":true},"in2DMode":false,"pivot":{"x":280.4339294433594,"y":255.09812927246095,"z":-417.68756103515627},"rotation":{"x":-0.13742099702358247,"y":0.16501086950302125,"z":-0.023222260177135469,"w":-0.9763952493667603},"size":173.76065063476563,"orthographic":false}