{"cameraMode":{"drawMode":0,"name":"Shaded","section":"Shading Mode"},"sceneLighting":true,"audioPlay":false,"sceneViewState":{"showFog":true,"showMaterialUpdate":true,"showSkybox":true,"showFlares":true,"showImageEffects":true,"showParticleSystems":true},"in2DMode":false,"pivot":{"x":506.79229736328127,"y":365.4978942871094,"z":-12.072265625},"rotation":{"x":-0.040661536157131198,"y":-0.08590414375066757,"z":0.0035106728319078686,"w":-0.9954671263694763},"size":828.21630859375,"orthographic":false}