{"cameraMode":{"drawMode":0,"name":"Shaded","section":"Shading Mode"},"sceneLighting":true,"audioPlay":false,"sceneViewState":{"showFog":true,"showMaterialUpdate":true,"showSkybox":true,"showFlares":true,"showImageEffects":true,"showParticleSystems":true},"in2DMode":false,"pivot":{"x":-0.9259999990463257,"y":1.4079999923706055,"z":3.0929999351501467},"rotation":{"x":0.060626864433288577,"y":0.6113006472587586,"z":-0.04705369099974632,"w":0.7876685857772827},"size":1.5290839672088624,"orthographic":false}