{"cameraMode":{"drawMode":0,"name":"Shaded","section":"Shading Mode"},"sceneLighting":true,"audioPlay":false,"sceneViewState":{"showFog":true,"showMaterialUpdate":true,"showSkybox":true,"showFlares":true,"showImageEffects":true,"showParticleSystems":true},"in2DMode":false,"pivot":{"x":5.416198253631592,"y":9.998964309692383,"z":-9.978546142578125},"rotation":{"x":-0.03559892997145653,"y":-0.061432164162397388,"z":-0.00219437712803483,"w":0.9974738359451294},"size":17.134977340698243,"orthographic":false}