{"cameraMode":{"drawMode":0,"name":"Shaded","section":"Shading Mode"},"sceneLighting":true,"audioPlay":false,"sceneViewState":{"showFog":true,"showMaterialUpdate":true,"showSkybox":true,"showFlares":true,"showImageEffects":true,"showParticleSystems":true},"in2DMode":false,"pivot":{"x":620.1873168945313,"y":288.1642150878906,"z":271.82965087890627},"rotation":{"x":0.022813137620687486,"y":0.020982585847377778,"z":-0.0004802175681106746,"w":0.9995194673538208},"size":996.5494384765625,"orthographic":false}