{"cameraMode":{"drawMode":0,"name":"Shaded","section":"Shading Mode"},"sceneLighting":true,"audioPlay":false,"sceneViewState":{"showFog":true,"showMaterialUpdate":true,"showSkybox":true,"showFlares":true,"showImageEffects":true,"showParticleSystems":true},"in2DMode":false,"pivot":{"x":469.1595458984375,"y":228.50558471679688,"z":-33.332763671875},"rotation":{"x":0.0003121004265267402,"y":-0.09106730669736862,"z":0.00002801642767735757,"w":0.9958447217941284},"size":1806.9991455078125,"orthographic":false}