{"cameraMode":{"drawMode":0,"name":"Shaded","section":"Shading Mode"},"sceneLighting":true,"audioPlay":false,"sceneViewState":{"showFog":true,"showMaterialUpdate":true,"showSkybox":true,"showFlares":true,"showImageEffects":true,"showParticleSystems":true},"in2DMode":false,"pivot":{"x":12.304830551147461,"y":21.160890579223634,"z":108.82819366455078},"rotation":{"x":0.07777676731348038,"y":0.1077633947134018,"z":-0.008457604795694352,"w":0.9910935163497925},"size":202.69981384277345,"orthographic":false}