{"cameraMode":{"drawMode":0,"name":"Shaded","section":"Shading Mode"},"sceneLighting":true,"audioPlay":false,"sceneViewState":{"showFog":true,"showMaterialUpdate":true,"showSkybox":true,"showFlares":true,"showImageEffects":true,"showParticleSystems":true},"in2DMode":false,"pivot":{"x":36.42237854003906,"y":45.37397766113281,"z":769.387451171875},"rotation":{"x":-0.03267447277903557,"y":-0.002692262874916196,"z":-0.00008925362635636702,"w":0.9994624853134155},"size":802.1282958984375,"orthographic":false}