{"cameraMode":{"drawMode":0,"name":"Shaded","section":"Shading Mode"},"sceneLighting":true,"audioPlay":false,"sceneViewState":{"showFog":true,"showMaterialUpdate":true,"showSkybox":true,"showFlares":true,"showImageEffects":true,"showParticleSystems":true},"in2DMode":false,"pivot":{"x":9.195414543151856,"y":-69.5704345703125,"z":-76.93949127197266},"rotation":{"x":-0.02179175615310669,"y":-0.9292777180671692,"z":0.3645290732383728,"w":-0.05555795505642891},"size":110.24942016601563,"orthographic":false}