{"cameraMode":{"drawMode":0,"name":"Shaded","section":"Shading Mode"},"sceneLighting":true,"audioPlay":false,"sceneViewState":{"showFog":true,"showMaterialUpdate":true,"showSkybox":true,"showFlares":true,"showImageEffects":true,"showParticleSystems":true},"in2DMode":false,"pivot":{"x":-1.145427942276001,"y":0.569685697555542,"z":-2.5437965393066408},"rotation":{"x":0.008929993957281113,"y":0.9855586886405945,"z":-0.1598844677209854,"w":0.05505750700831413},"size":8.108144760131836,"orthographic":false}