{"cameraMode":{"drawMode":0,"name":"Shaded","section":"Shading Mode"},"sceneLighting":true,"audioPlay":false,"sceneViewState":{"showFog":true,"showMaterialUpdate":true,"showSkybox":true,"showFlares":true,"showImageEffects":true,"showParticleSystems":true},"in2DMode":false,"pivot":{"x":142.97364807128907,"y":53.839805603027347,"z":18.942855834960939},"rotation":{"x":0.1997791975736618,"y":-0.3233417868614197,"z":0.07003830373287201,"w":0.9222977161407471},"size":203.2496795654297,"orthographic":false}