{"cameraMode":{"drawMode":0,"name":"Shaded","section":"Shading Mode"},"sceneLighting":true,"audioPlay":false,"sceneViewState":{"showFog":true,"showMaterialUpdate":true,"showSkybox":true,"showFlares":true,"showImageEffects":true,"showParticleSystems":true},"in2DMode":false,"pivot":{"x":750.3421020507813,"y":352.6822204589844,"z":1128.8958740234375},"rotation":{"x":0.0041839671321213249,"y":0.0017848267452791334,"z":0.000008780755706538912,"w":-0.9999896883964539},"size":2488.017578125,"orthographic":false}