{"cameraMode":{"drawMode":0,"name":"Shaded","section":"Shading Mode"},"sceneLighting":true,"audioPlay":false,"sceneViewState":{"showFog":true,"showMaterialUpdate":true,"showSkybox":true,"showFlares":true,"showImageEffects":true,"showParticleSystems":true},"in2DMode":false,"pivot":{"x":-8.105791091918946,"y":-25.327444076538087,"z":48.07938766479492},"rotation":{"x":0.2445160448551178,"y":-0.07669413834810257,"z":0.019404128193855287,"w":0.9664127230644226},"size":56.418643951416019,"orthographic":false}