{"cameraMode":{"drawMode":0,"name":"Shaded","section":"Shading Mode"},"sceneLighting":true,"audioPlay":false,"sceneViewState":{"showFog":true,"showMaterialUpdate":true,"showSkybox":true,"showFlares":true,"showImageEffects":true,"showParticleSystems":true},"in2DMode":false,"pivot":{"x":562.1904296875,"y":338.8292236328125,"z":85.576416015625},"rotation":{"x":0.041456952691078189,"y":-0.09933198988437653,"z":-0.004140214994549751,"w":-0.9941818118095398},"size":977.167236328125,"orthographic":false}