{"cameraMode":{"drawMode":0,"name":"Shaded","section":"Shading Mode"},"sceneLighting":true,"audioPlay":false,"sceneViewState":{"showFog":true,"showMaterialUpdate":true,"showSkybox":true,"showFlares":true,"showImageEffects":true,"showParticleSystems":true},"in2DMode":false,"pivot":{"x":613.7156982421875,"y":207.280029296875,"z":-17.54736328125},"rotation":{"x":0.010811160318553448,"y":-0.019191376864910127,"z":0.0002070090704364702,"w":0.9997574090957642},"size":1010.8194580078125,"orthographic":false}