{"cameraMode":{"drawMode":0,"name":"Shaded","section":"Shading Mode"},"sceneLighting":true,"audioPlay":false,"sceneViewState":{"showFog":true,"showMaterialUpdate":true,"showSkybox":true,"showFlares":true,"showImageEffects":true,"showParticleSystems":true},"in2DMode":false,"pivot":{"x":-1.160336971282959,"y":1.3833608627319337,"z":3.2724812030792238},"rotation":{"x":0.1408664435148239,"y":0.2781025767326355,"z":-0.041270382702350619,"w":0.9492694139480591},"size":1.4266588687896729,"orthographic":false}