{"cameraMode":{"drawMode":0,"name":"Shaded","section":"Shading Mode"},"sceneLighting":true,"audioPlay":false,"sceneViewState":{"showFog":true,"showMaterialUpdate":true,"showSkybox":true,"showFlares":true,"showImageEffects":true,"showParticleSystems":true},"in2DMode":false,"pivot":{"x":-1.081399917602539,"y":-35.14584732055664,"z":92.17955780029297},"rotation":{"x":0.2399393916130066,"y":0.08752734959125519,"z":-0.021727923303842546,"w":0.9665898680686951},"size":151.69192504882813,"orthographic":false}