{"cameraMode":{"drawMode":0,"name":"Shaded","section":"Shading Mode"},"sceneLighting":true,"audioPlay":false,"sceneViewState":{"showFog":true,"showMaterialUpdate":true,"showSkybox":true,"showFlares":true,"showImageEffects":true,"showParticleSystems":true},"in2DMode":false,"pivot":{"x":767.4057006835938,"y":210.54966735839845,"z":1495.134033203125},"rotation":{"x":-0.0018220186466351152,"y":-0.04856288433074951,"z":0.0000902966785361059,"w":-0.9988185167312622},"size":2470.00537109375,"orthographic":false}