{"cameraMode":{"drawMode":0,"name":"Shaded","section":"Shading Mode"},"sceneLighting":true,"audioPlay":false,"sceneViewState":{"showFog":true,"showMaterialUpdate":true,"showSkybox":true,"showFlares":true,"showImageEffects":true,"showParticleSystems":true},"in2DMode":false,"pivot":{"x":556.4735717773438,"y":210.33897399902345,"z":1504.2879638671875},"rotation":{"x":-0.0018242675578221679,"y":-0.0005820660153403878,"z":0.000002769556203929824,"w":-0.999998152256012},"size":2530.82373046875,"orthographic":false}